﻿"ISO3","Name","Admin Level","Metric","Units","Year","Value"
"NGA","Nigeria","admin0","Effective Treatment","in 100 malaria cases",2010,24.3347733346329
"NGA","Nigeria","admin0","Effective Treatment","in 100 malaria cases",2011,28.474448148415
"NGA","Nigeria","admin0","Effective Treatment","in 100 malaria cases",2012,31.6023611266037
"NGA","Nigeria","admin0","Effective Treatment","in 100 malaria cases",2013,31.4953182448012
"NGA","Nigeria","admin0","Effective Treatment","in 100 malaria cases",2014,35.3717267084105
"NGA","Nigeria","admin0","Effective Treatment","in 100 malaria cases",2015,37.4892542539868
"NGA","Nigeria","admin0","Effective Treatment","in 100 malaria cases",2016,38.9334517627577
"NGA","Nigeria","admin0","Effective Treatment","in 100 malaria cases",2017,41.6333998973301
"NGA","Nigeria","admin0","Effective Treatment","in 100 malaria cases",2018,41.0706759203121
"NGA","Nigeria","admin0","Effective Treatment","in 100 malaria cases",2019,42.2630613540517
"NGA","Nigeria","admin0","Effective Treatment","in 100 malaria cases",2020,44.1564691983722
"NGA","Nigeria","admin0","Effective Treatment","in 100 malaria cases",2021,47.5644710015318
"NGA","Nigeria","admin0","Effective Treatment","in 100 malaria cases",2022,47.5644562162464
