﻿"ISO3","Name","Admin Level","Metric","Units","Year","Value"
"NGA","Nigeria","admin0","Incidence Rate","Cases per Thousand",2010,373.054855943521
"NGA","Nigeria","admin0","Incidence Rate","Cases per Thousand",2011,347.46896802892604
"NGA","Nigeria","admin0","Incidence Rate","Cases per Thousand",2012,325.991392813646
"NGA","Nigeria","admin0","Incidence Rate","Cases per Thousand",2013,307.39465865779
"NGA","Nigeria","admin0","Incidence Rate","Cases per Thousand",2014,297.422350307639
"NGA","Nigeria","admin0","Incidence Rate","Cases per Thousand",2015,290.800354723328
"NGA","Nigeria","admin0","Incidence Rate","Cases per Thousand",2016,284.264403200465
"NGA","Nigeria","admin0","Incidence Rate","Cases per Thousand",2017,289.565147324314
"NGA","Nigeria","admin0","Incidence Rate","Cases per Thousand",2018,297.266172321603
"NGA","Nigeria","admin0","Incidence Rate","Cases per Thousand",2019,299.88780633960897
"NGA","Nigeria","admin0","Incidence Rate","Cases per Thousand",2020,316.278286365334
"NGA","Nigeria","admin0","Incidence Rate","Cases per Thousand",2021,309.09509318165703
"NGA","Nigeria","admin0","Incidence Rate","Cases per Thousand",2022,294.447556730481
