﻿"ISO3","Name","Admin Level","Metric","Units","Year","Value"
"NGA","Nigeria","admin0","Infection Prevalence","per 100 Children",2010,33.9434912317292
"NGA","Nigeria","admin0","Infection Prevalence","per 100 Children",2011,30.8694207856817
"NGA","Nigeria","admin0","Infection Prevalence","per 100 Children",2012,28.153050108210397
"NGA","Nigeria","admin0","Infection Prevalence","per 100 Children",2013,26.0309090189934
"NGA","Nigeria","admin0","Infection Prevalence","per 100 Children",2014,24.8354570295384
"NGA","Nigeria","admin0","Infection Prevalence","per 100 Children",2015,24.0799875400632
"NGA","Nigeria","admin0","Infection Prevalence","per 100 Children",2016,23.7832954648001
"NGA","Nigeria","admin0","Infection Prevalence","per 100 Children",2017,24.3935783105176
"NGA","Nigeria","admin0","Infection Prevalence","per 100 Children",2018,24.8504628355169
"NGA","Nigeria","admin0","Infection Prevalence","per 100 Children",2019,25.539154967092
"NGA","Nigeria","admin0","Infection Prevalence","per 100 Children",2020,27.403902035524304
"NGA","Nigeria","admin0","Infection Prevalence","per 100 Children",2021,26.4822003151517
"NGA","Nigeria","admin0","Infection Prevalence","per 100 Children",2022,26.2990878304263
