﻿"ISO3","Name","Admin Level","Metric","Units","Year","Value"
"NGA","Nigeria","admin0","Use Rate","in 100 people",2010,73.9806156408
"NGA","Nigeria","admin0","Use Rate","in 100 people",2011,66.7920625767
"NGA","Nigeria","admin0","Use Rate","in 100 people",2012,54.3767530452
"NGA","Nigeria","admin0","Use Rate","in 100 people",2013,43.7689086819
"NGA","Nigeria","admin0","Use Rate","in 100 people",2014,49.136250153300004
"NGA","Nigeria","admin0","Use Rate","in 100 people",2015,57.3471972016
"NGA","Nigeria","admin0","Use Rate","in 100 people",2016,64.39095566579999
"NGA","Nigeria","admin0","Use Rate","in 100 people",2017,73.93275342829999
"NGA","Nigeria","admin0","Use Rate","in 100 people",2018,84.3775459622
"NGA","Nigeria","admin0","Use Rate","in 100 people",2019,87.18293312819999
"NGA","Nigeria","admin0","Use Rate","in 100 people",2020,82.0728057858
"NGA","Nigeria","admin0","Use Rate","in 100 people",2021,76.8282895267
"NGA","Nigeria","admin0","Use Rate","in 100 people",2022,77.4706854813
