﻿"ISO3","Name","Admin Level","Metric","Units","Year","Value"
"NGA","Nigeria","admin0","Use","in 100 people",2010,17.2661968491
"NGA","Nigeria","admin0","Use","in 100 people",2011,22.101617156999996
"NGA","Nigeria","admin0","Use","in 100 people",2012,21.127417041700003
"NGA","Nigeria","admin0","Use","in 100 people",2013,15.5288778071
"NGA","Nigeria","admin0","Use","in 100 people",2014,22.603311720199997
"NGA","Nigeria","admin0","Use","in 100 people",2015,31.257396473600004
"NGA","Nigeria","admin0","Use","in 100 people",2016,33.4492017735
"NGA","Nigeria","admin0","Use","in 100 people",2017,35.69941281490001
"NGA","Nigeria","admin0","Use","in 100 people",2018,40.231081339
"NGA","Nigeria","admin0","Use","in 100 people",2019,43.8373412702
"NGA","Nigeria","admin0","Use","in 100 people",2020,39.0039594226
"NGA","Nigeria","admin0","Use","in 100 people",2021,33.522760496
"NGA","Nigeria","admin0","Use","in 100 people",2022,38.1764193282
