﻿"ISO3","Name","Admin Level","Metric","Units","Year","Value"
"NGA","Nigeria","admin0","Mortality Rate","Deaths per 100 Thousand",2010,145.16197861099099
"NGA","Nigeria","admin0","Mortality Rate","Deaths per 100 Thousand",2011,135.04691263857498
"NGA","Nigeria","admin0","Mortality Rate","Deaths per 100 Thousand",2012,124.013161128035
"NGA","Nigeria","admin0","Mortality Rate","Deaths per 100 Thousand",2013,114.880154807209
"NGA","Nigeria","admin0","Mortality Rate","Deaths per 100 Thousand",2014,110.393886453964
"NGA","Nigeria","admin0","Mortality Rate","Deaths per 100 Thousand",2015,105.727955123438
"NGA","Nigeria","admin0","Mortality Rate","Deaths per 100 Thousand",2016,102.158960585294
"NGA","Nigeria","admin0","Mortality Rate","Deaths per 100 Thousand",2017,98.4184928712774
"NGA","Nigeria","admin0","Mortality Rate","Deaths per 100 Thousand",2018,100.464848766648
"NGA","Nigeria","admin0","Mortality Rate","Deaths per 100 Thousand",2019,101.109200019734
"NGA","Nigeria","admin0","Mortality Rate","Deaths per 100 Thousand",2020,106.82547682392202
"NGA","Nigeria","admin0","Mortality Rate","Deaths per 100 Thousand",2021,100.458286803766
"NGA","Nigeria","admin0","Mortality Rate","Deaths per 100 Thousand",2022,96.3452850554717
